"Name","Price","Day Price Change","Change %","Volume","P/E Ratio","Market Cap (Cr.)","SMA (5)","FII Holding"
"Megasoft","210.16","-0.59","-0.28%","2,58,872.00","12.73","1,550.35","215.20","0.51"
"L&T Finance","303.60","28.40","10.32%","7,05,87,337.00","28.16","68,796.40","281.80","6.41"
"Arvind","328.30","18.35","5.92%","33,34,495.00","20.37","8,124.20","318.72","16.82"
"Pennar Industries","275.95","17.75","6.87%","31,32,030.00","29.83","3,484.30","268.20","6.74"
"Signpost India","242.39","15.59","6.87%","1,18,669.00","33.89","1,212.20","235.73","0.05"
"Cupid","260.38","15.00","6.11%","53,18,786.00","147.09","6,587.60","245.00","2.58"
"SG Finserv","389.85","14.90","3.97%","1,29,932.00","21.70","2,095.80","383.53","0.18"
"Ganesh Consumer Products","276.85","13.95","5.31%","6,86,373.00","33.82","1,062.50","276.19","8.17"
"Zuari Agro Chemicals","251.15","11.95","5.00%","2,37,132.00","0.98","1,006.00","248.89","2.85"
"Fabtech Technologies","243.88","11.75","5.06%","21,23,597.00","23.33","1,031.80","236.21","1.91"
"EFC","283.55","11.15","4.09%","4,20,115.00","16.44","2,711.80","288.21","3.84"
"Aditya Birla Capital","338.10","11.05","3.38%","1,34,94,106.00","26.41","85,439.70","331.01","6.78"
"Vardhman Special Steels","296.20","10.95","3.84%","1,09,627.00","30.71","2,752.80","291.31","0.55"
"Zaggle Prepaid Ocean Services","364.00","10.90","3.09%","6,82,461.00","50.19","4,740.50","364.93","8.64"
"Hindustan Copper","332.80","10.50","3.26%","64,09,393.00","66.21","31,167.20","333.90","5.06"
"Baazar Style Retail","332.85","9.95","3.08%","5,38,604.00","144.26","2,409.40","325.63","3.13"
"Apollo Pipes","302.40","9.45","3.23%","3,37,264.00","53.99","1,290.40","302.09","3.71"
"Laxmi Goldrona House","259.75","9.25","3.69%","61,100.00","111.96","1,254.80","259.35","0.00"
"NIIT Learning Systems","328.30","8.85","2.77%","2,30,551.00","21.78","4,378.70","322.99","17.43"
"DAM Capital Advisors","263.22","8.54","3.35%","2,20,23,708.00","16.59","1,800.20","252.43","1.76"
"All Time Plastics","305.75","8.45","2.84%","1,69,520.00","42.35","1,947.50","303.06","3.36"
"Sanghvi Movers","378.55","8.30","2.24%","7,11,338.00","19.81","3,205.50","388.78","1.71"
"Ivalue Infosolutions","294.30","7.90","2.76%","5,07,090.00","18.51","1,533.40","286.10","4.35"
"Seshaasai Technologies","372.55","7.90","2.17%","99,598.00","27.15","5,900.20","371.78","1.24"
"Canara Robeco Asset Management Company","318.75","7.85","2.52%","10,82,131.00","31.89","6,199.90","314.74","3.63"
"ADF Foods","232.49","7.66","3.41%","3,68,283.00","36.34","2,554.20","223.67","11.30"
"BLS E-Services","204.65","7.53","3.82%","23,14,615.00","29.24","1,791.00","195.71","0.21"
"Diffusion Engineers","375.05","7.45","2.03%","69,266.00","34.20","1,375.80","373.16","0.57"
"Indo Farm Equipment","229.67","7.30","3.28%","2,60,581.00","41.60","1,068.50","229.46","0.40"
"IndoStar Capital Finance","261.01","7.00","2.76%","1,13,929.00","5.77","3,473.40","256.74","2.90"
"Jain Resource Recycling","385.85","6.80","1.79%","30,50,674.00","49.98","13,080.50","380.18","6.42"
"Hubtown","322.35","6.65","2.11%","6,51,090.00","36.38","4,361.00","311.78","2.05"
"Fino Payments Bank","279.00","6.60","2.42%","1,41,862.00","28.92","2,266.90","281.49","2.67"
"Vikram Solar","321.30","6.50","2.06%","9,87,387.00","31.35","11,386.90","322.31","2.09"
"Garuda Construction & Engineering","242.37","6.46","2.74%","72,02,377.00","26.20","2,194.90","226.78","3.09"
"Gopal Snacks","361.85","6.40","1.80%","1,31,783.00","-1,641.82","4,429.70","354.29","0.94"
"Inox Green Energy Services","264.65","6.20","2.40%","14,45,035.00","247.76","9,485.50","266.38","7.88"
"KRBL","383.45","6.05","1.60%","3,19,237.00","16.24","8,638.30","377.84","6.54"
"Surya Roshni","301.05","6.05","2.05%","3,05,606.00","22.78","6,420.30","299.80","4.95"
"Shipping Corporation of India","266.45","6.00","2.30%","1,84,45,124.00","13.69","12,411.20","258.75","6.49"
"Gufic BioSciences","334.05","5.90","1.80%","50,015.00","54.26","3,290.60","328.55","0.34"
"Northern Arc Capital","268.90","5.75","2.19%","7,42,353.00","15.47","4,251.60","272.68","7.59"
"Greenpanel Industries","285.25","5.65","2.02%","1,27,117.00","24.43","3,428.70","281.85","1.36"
"IIFL Capital Services","337.50","5.55","1.67%","5,41,280.00","14.80","10,299.10","336.77","16.93"
"Campus Activewear","276.80","5.50","2.03%","2,26,283.00","65.35","8,287.50","276.81","5.99"
"Birlasoft","378.25","5.30","1.42%","35,53,935.00","22.84","10,388.30","373.18","11.26"
"Sandur Manganese & Iron Ores","204.74","5.27","2.64%","27,68,382.00","20.20","9,952.50","213.32","1.00"
"Godawari Power & Ispat","274.65","5.25","1.95%","18,19,496.00","24.76","18,039.50","277.74","6.62"
"IRM Energy","307.30","5.25","1.74%","1,03,716.00","30.96","1,240.20","309.86","1.57"
"GIC of India","379.15","5.20","1.39%","5,06,757.00","7.78","65,605.80","376.54","2.12"
"Go Digit General Insurance","360.35","4.85","1.36%","2,15,006.00","65.48","32,823.70","359.43","8.47"
"Suraj Estate Developers","290.35","4.80","1.68%","1,84,519.00","14.93","1,364.20","289.73","1.70"
"Euro Pratik Sales","329.25","4.80","1.48%","2,56,171.00","50.58","3,315.90","322.50","1.66"
"Shree Pushkar Chemicals","393.20","4.70","1.21%","75,913.00","19.06","1,256.30","394.84","1.47"
"Kitex Garments","202.66","4.63","2.34%","10,89,522.00","31.57","3,950.70","203.70","1.16"
"SMS Pharmaceuticals","289.25","4.60","1.62%","1,56,162.00","36.98","2,523.50","284.43","0.28"
"Moschip Technologies","233.75","4.40","1.92%","34,21,484.00","105.29","4,406.30","240.59","0.81"
"One Mobikwik Systems","249.75","4.30","1.75%","10,48,001.00","-10.77","1,918.20","254.72","3.74"
"Hindware Home Innovation","371.95","4.20","1.14%","95,308.00","-33.26","3,076.10","372.13","3.15"
"ECOS Mobility & Hospitality","202.97","4.19","2.11%","1,21,868.00","20.34","1,192.70","204.98","5.42"
"Senco Gold","332.10","4.15","1.27%","4,10,843.00","25.57","5,369.10","329.57","8.81"
"Le Travenues Technology (IXIGO)","280.40","4.15","1.50%","50,75,495.00","257.39","10,784.90","268.95","59.64"
"NALCO","234.73","4.14","1.80%","1,22,49,764.00","7.04","42,350.90","234.28","16.22"
"VRL Logistics","273.10","4.10","1.52%","3,20,865.00","20.46","4,752.90","274.76","3.99"
"Crizac","306.90","4.05","1.34%","4,04,532.00","28.64","5,299.30","307.53","3.74"
"Bharat Heavy Electricals","263.85","3.80","1.46%","1,00,52,522.00","164.81","90,551.10","264.32","6.23"
"Talbros Automotive Components","291.00","3.80","1.32%","66,504.00","18.64","1,772.80","291.32","0.72"
"Marine Electricals","232.55","3.75","1.64%","6,05,195.00","69.01","3,156.20","239.71","0.00"
"Shreeji Shipping Global","272.05","3.55","1.32%","8,20,694.00","31.05","4,374.40","269.85","0.45"
"Steelcast","208.52","3.53","1.72%","1,11,919.00","23.75","2,074.50","213.00","0.19"
"Petronet LNG","278.50","3.50","1.27%","10,96,702.00","11.26","41,250.00","280.06","28.03"
"Quess Corp","226.54","3.43","1.54%","2,36,014.00","68.81","3,326.20","230.94","14.11"
"Triveni Engineering & Industries","360.50","3.25","0.91%","21,98,767.00","31.15","7,820.10","358.27","5.71"
"Bajaj Consumer Care","301.50","3.20","1.07%","9,74,698.00","34.09","4,088.30","290.94","10.12"
"HUDCO","230.69","3.17","1.39%","30,27,164.00","16.59","45,547.20","233.12","1.94"
"MAS Financial Services","307.35","3.15","1.04%","1,89,744.00","16.33","5,519.80","310.00","3.18"
"Sky Gold And Diamonds","352.00","3.15","0.90%","5,30,706.00","35.14","5,402.40","354.70","0.55"
"Nazara Technologies","265.05","3.15","1.20%","7,02,898.00","115.22","9,702.50","266.82","12.63"
"Shalby","235.51","2.98","1.28%","1,15,436.00","-490.73","2,511.60","239.25","4.64"
"SG Mart","350.35","2.95","0.85%","4,89,464.00","36.77","4,377.20","345.88","1.16"
"Religare Enterprises","258.30","2.85","1.12%","10,90,920.00","51.89","8,446.60","261.31","7.80"
"Coal India","376.00","2.85","0.76%","46,50,451.00","7.46","2,29,962.20","380.78","7.96"
"GK Energy","206.12","2.81","1.38%","7,58,593.00","31.39","4,123.50","208.85","1.68"
"Quick Heal Technologies","313.85","2.80","0.90%","82,907.00","-2,242.50","1,684.20","317.23","0.50"
"Bank of Baroda","289.05","2.70","0.94%","69,51,797.00","7.71","1,48,082.00","286.62","8.71"
"RBL Bank","328.25","2.65","0.81%","79,53,347.00","37.22","19,960.00","326.56","15.48"
"Borosil","339.20","2.60","0.77%","4,30,589.00","46.61","4,025.00","345.15","0.44"
"JK Paper","386.85","2.50","0.65%","4,76,873.00","21.45","6,511.00","390.67","11.50"
"Karur Vysya Bank","249.12","2.41","0.98%","18,61,581.00","11.43","23,837.40","248.35","0.00"
"AGI Infra","266.20","2.40","0.91%","4,25,430.00","44.93","3,222.80","264.78","1.78"
"Mishra Dhatu Nigam","374.85","2.25","0.60%","2,19,219.00","59.23","6,980.30","380.96","1.37"
"REC","364.95","2.25","0.62%","63,42,222.00","5.56","95,507.00","370.47","17.97"
"Apollo Micro Systems","268.45","2.10","0.79%","63,87,965.00","113.00","8,883.60","273.55","8.94"
"Indo Count Industries","275.05","2.10","0.77%","1,28,139.00","26.52","5,405.90","280.12","9.99"
"Redington","292.00","2.05","0.71%","3,57,67,764.00","11.99","22,667.50","267.77","61.82"
"Spandana Sphoorty Financial","240.90","2.00","0.84%","66,970.00","-1.16","1,703.50","245.13","20.25"
"Sonata Software","367.80","1.95","0.53%","3,01,377.00","24.09","10,259.30","369.89","8.85"
"Aegis Vopak Terminals","260.15","1.90","0.74%","5,87,604.00","159.85","28,613.90","269.74","6.07"
"Ramco Industries","331.70","1.85","0.56%","1,35,771.00","12.48","2,863.40","345.43","1.26"
"NRB Bearings","269.50","1.85","0.69%","61,089.00","29.10","2,594.10","273.69","14.28"
"KCP","200.14","1.81","0.91%","67,973.00","8.88","2,556.90","200.80","3.08"
"Prince Pipes & Fittings","315.25","1.80","0.57%","1,29,994.00","149.41","3,465.50","319.24","3.71"
"Power Grid Corporation of India","272.00","1.80","0.67%","1,13,79,131.00","16.65","2,51,302.30","279.48","25.67"
"Pace Digitek","215.31","1.71","0.80%","5,04,603.00","16.35","4,610.60","216.30","4.89"
"Artemis Medicare Services","244.94","1.69","0.69%","1,19,746.00","39.20","3,379.50","245.20","0.37"
"EPack Prefab Technologies","327.95","1.60","0.49%","3,70,05,645.00","42.83","3,278.30","301.99","3.00"
"Eveready Industries","367.00","1.60","0.44%","77,012.00","58.16","2,656.00","373.05","5.21"
"Ceigall India","248.80","1.50","0.61%","60,074.00","16.68","4,308.10","249.30","2.48"
"Tata Power","393.20","1.45","0.37%","46,76,601.00","25.92","1,25,177.40","399.81","10.19"
"Apcotex Industries","394.05","1.45","0.37%","1,00,158.00","28.19","2,035.40","369.53","0.59"
"Federal Bank","237.26","1.43","0.61%","70,26,019.00","14.43","58,020.30","237.09","25.54"
"M&M Financial Services","313.25","1.35","0.43%","53,84,033.00","17.65","43,353.20","315.58","9.59"
"Aarti Industries","391.80","1.30","0.33%","1,93,75,432.00","48.98","14,159.30","387.20","6.40"
"Sunflag Iron & Steel Company","260.35","1.25","0.48%","1,11,040.00","23.84","4,669.50","263.71","0.65"
"Jio Financial Services","299.30","1.20","0.40%","93,64,502.00","116.44","1,89,387.20","302.58","11.84"
"Veranda Learning Solutions","232.80","1.08","0.47%","2,48,738.00","-24.00","2,169.00","230.82","2.92"
